InChIKey,KEGG
"INCHIKEY","No result"
"ZCQWOFVYLHDMMC-UHFFFAOYSA-N","No result"
"RWRDLPDLKQPQOW-UHFFFAOYSA-N","No result"
"ZMXDDKWLCZADIW-UHFFFAOYSA-N","C03134"
"HQABUPZFAYXKJW-UHFFFAOYSA-N","No result"
"JUJWROOIHBZHMG-UHFFFAOYSA-N","C00747"
"LXBGSDVWAMZHDD-UHFFFAOYSA-N","C19261"
"LXBGSDVWAMZHDD-UHFFFAOYSA-N","C19261"
"FZWLAAWBMGSTSO-UHFFFAOYSA-N","No result"
"GLUUGHFHXGJENI-UHFFFAOYSA-N","C07973"
"ICSNLGPSRYBMBD-UHFFFAOYSA-N","No result"
"GRFNBEZIAWKNCO-UHFFFAOYSA-N","No result"
"XBDQKXXYIPTUBI-UHFFFAOYSA-N","C00163"
"PAFZNILMFXTMIY-UHFFFAOYSA-N","C00571"
"PAJPWUMXBYXFCZ-UHFFFAOYSA-N","C01234"
"PAJPWUMXBYXFCZ-UHFFFAOYSA-N","C01234"
"BMVXCPBXGZKUPN-UHFFFAOYSA-N","C08306"
"BMVXCPBXGZKUPN-UHFFFAOYSA-N","C08306"
"OEYIOHPDSNJKLS-UHFFFAOYSA-N","C00114"
"KKYSBGWCYXYOHA-UHFFFAOYSA-N","C03354"
"KKYSBGWCYXYOHA-UHFFFAOYSA-N","C03354"
"KKYSBGWCYXYOHA-UHFFFAOYSA-N","C03354"
"OISVCGZHLKNMSJ-UHFFFAOYSA-N","No result"
"AZQWKYJCGOJGHM-UHFFFAOYSA-N","C00472"
"VIHYIVKEECZGOU-UHFFFAOYSA-N","C02560"
"ISAKRJDGNUQOIC-UHFFFAOYSA-N","C00106"
"OILAIQUEIWYQPH-UHFFFAOYSA-N","C06105"
"HPABFFGQPLJKBP-UHFFFAOYSA-N","No result"
"UBJVUCKUDDKUJF-UHFFFAOYSA-N","C08370"
"UBJVUCKUDDKUJF-UHFFFAOYSA-N","C08370"
"ONIBWKKTOPOVIA-BYPYZUCNSA-N","C00148"
"QHKABHOOEWYVLI-UHFFFAOYSA-N","C00141"
"QHKABHOOEWYVLI-UHFFFAOYSA-N","C00141"
"QHKABHOOEWYVLI-UHFFFAOYSA-N","C00141"
"SIKJAQJRHWYJAI-UHFFFAOYSA-N","C00463"
"KWIUHFFTVRNATP-UHFFFAOYSA-N","C00719"
"KWIUHFFTVRNATP-UHFFFAOYSA-N","C00719"
"QRUDEWIWKLJBPS-UHFFFAOYSA-N","No result"
"LPAGFVYQRIESJQ-UHFFFAOYSA-N","No result"
"WPYMKLBDIGXBTP-UHFFFAOYSA-N","C00180"
"DFPAKSUCGFBDDF-UHFFFAOYSA-N","C00153"
"DBZAKQWXICEWNW-UHFFFAOYSA-N","No result"
"DBZAKQWXICEWNW-UHFFFAOYSA-N","No result"
"TWBYWOBDOCUKOW-UHFFFAOYSA-N","C00253"
"PVNIIMVLHYAWGP-UHFFFAOYSA-N","C00253"
"QMHAHUAQAJVBIW-UHFFFAOYSA-N","No result"
"QMHAHUAQAJVBIW-UHFFFAOYSA-N","No result"
"QMHAHUAQAJVBIW-UHFFFAOYSA-N","No result"
"QMHAHUAQAJVBIW-UHFFFAOYSA-N","No result"
"OFOBLEOULBTSOW-UHFFFAOYSA-N","C00383"
"NSYSSMYQPLSPOD-UHFFFAOYSA-N","C02752"
"NSYSSMYQPLSPOD-UHFFFAOYSA-N","C02752"
"NSYSSMYQPLSPOD-UHFFFAOYSA-N","C02752"
"NSYSSMYQPLSPOD-UHFFFAOYSA-N","C02752"
"JDSHMPZPIAZGSV-UHFFFAOYSA-N","C08737"
"SWGXDLRCJNEEGZ-UHFFFAOYSA-N","C11519"
"ODHCTXKNWHHXJC-UHFFFAOYSA-N","No result"
"ODHCTXKNWHHXJC-UHFFFAOYNA-N","C01879"
"IVYPNXXAYMYVSP-UHFFFAOYSA-N","No result"
"IVYPNXXAYMYVSP-UHFFFAOYSA-N","No result"
"SERHXTVXHNVDKA-BYPYZUCNSA-N","C01012"
"BHNHHSOHWZKFOX-UHFFFAOYSA-N","No result"
"ROHFNLRQFUQHCH-UHFFFAOYNA-N","C00123"
"ROHFNLRQFUQHCH-UHFFFAOYNA-N","No result"
"BJEPYKJPYRNKOW-REOHCLBHSA-N","C00149"
"BJEPYKJPYRNKOW-REOHCLBHSA-N","C00149"
"GFFGJBXGBJISGV-UHFFFAOYSA-N","C00147"
"GFFGJBXGBJISGV-UHFFFAOYSA-N","C00147"
"GFFGJBXGBJISGV-UHFFFAOYSA-N","C00147"
"CKQHAYFOPRIUOM-UHFFFAOYSA-N","No result"
"ZYVXHFWBYUDDBM-UHFFFAOYSA-N","No result"
"TWIIRMSFZNYMQE-UHFFFAOYSA-N","No result"
"XCEYKKJMLOFDSS-UHFFFAOYSA-N","No result"
"RYVNIFSIEDRLSJ-UHFFFAOYSA-N","No result"
"BKAWJIRCKVUVED-UHFFFAOYSA-N","C04294"
"BKAWJIRCKVUVED-UHFFFAOYSA-N","C04294"
"RUFPHBVGCFYCNW-UHFFFAOYSA-N","C14790"
"MBBOMCVGYCRMEA-UHFFFAOYSA-N","C00955"
"APORENQTMOZIOG-UHFFFAOYSA-N","No result"
"APORENQTMOZIOG-UHFFFAOYSA-N","No result"
"PMZDQRJGMBOQBF-UHFFFAOYSA-N","C06343"
"PMZDQRJGMBOQBF-UHFFFAOYSA-N","C06343"
"PMZDQRJGMBOQBF-UHFFFAOYSA-N","C06343"
"PMZDQRJGMBOQBF-UHFFFAOYSA-N","C06343"
"PMZDQRJGMBOQBF-UHFFFAOYSA-N","C06343"
"PMZDQRJGMBOQBF-UHFFFAOYSA-N","C06343"
"PMZDQRJGMBOQBF-UHFFFAOYSA-N","C06343"
"PMZDQRJGMBOQBF-UHFFFAOYSA-N","C06343"
"OIPILFWXSMYKGL-UHFFFAOYSA-N","C01996"
"ATHGHQPFGPMSJY-UHFFFAOYSA-N","C00315"
"DPNGWXJMIILTBS-UHFFFAOYSA-N","C10160"
"FHSDVOJKLYJNCQ-GLIMQPGKSA-N","No result"
"FHSDVOJKLYJNCQ-GLIMQPGKSA-N","No result"
"QYTWIMMLQKHPGL-UHFFFAOYSA-N","No result"
"KDXKERNSBIXSRK-UHFFFAOYSA-N","No result"
"WHUUTDBJXJRKMK-VKHMYHEASA-N","C00025"
"WHUUTDBJXJRKMK-VKHMYHEASA-N","C00025"
"APEJMQOBVMLION-UHFFFAOYSA-N","No result"
"JYVXNLLUYHCIIH-UHFFFAOYSA-N","No result"
"SXFSQZDSUWACKX-UHFFFAOYSA-N","C01180"
"HWXBTNAVRSUOJR-UHFFFAOYNA-N","No result"
"FFEARJCKVFRZRR-BYPYZUCNSA-N","C00073"
"FFEARJCKVFRZRR-UHFFFAOYSA-N","C01733"
"GSEJCLTVZPLZKY-UHFFFAOYSA-N","C06771"
"YHMYGUUIMTVXNW-UHFFFAOYSA-N","No result"
"UYTPUPDQBNUYGX-UHFFFAOYSA-N","C00242"
"DSBIJCMXAIKKKI-UHFFFAOYSA-N","No result"
"VYFYYTLLBUKUHU-UHFFFAOYSA-N","C03758"
"PIGOPELHGLPKLL-UHFFFAOYNA-N","No result"
"HNDVDQJCIGZPNO-YFKPBYRVSA-N","C00135"
"HNDVDQJCIGZPNO-UHFFFAOYSA-N","C00768"
"HNDVDQJCIGZPNO-UHFFFAOYSA-N","C00768"
"HNDVDQJCIGZPNO-UHFFFAOYNA-N","No result"
"PXQPEWDEAKTCGB-UHFFFAOYSA-N","C00295"
"DKPMWHFRUGMUKF-WQOPRVDTSA-N","No result"
"KKKDZZRICRFGSD-UHFFFAOYSA-N","No result"
"SRGKFVAASLQVBO-BTJKTKAUSA-N","D00663"
"SRGKFVAASLQVBO-BTJKTKAUSA-N","D00663"
"SRGKFVAASLQVBO-BTJKTKAUSA-N","D00663"
"SRGKFVAASLQVBO-BTJKTKAUSA-N","D00663"
"SRGKFVAASLQVBO-BTJKTKAUSA-N","D00663"
"UUCUQJHYUPXDHN-UHFFFAOYSA-N","No result"
"RXHVPPWXTMHWGY-UHFFFAOYSA-N","No result"
"DFPAKSUCGFBDDF-UHFFFAOYSA-N","C00153"
"YGSDEFSMJLZEOE-UHFFFAOYSA-N","C00805"
"DEFJQIDDEAULHB-UHFFFAOYNA-N","No result"
"XLBVNMSMFQMKEY-UHFFFAOYNA-N","C01046"
"XLBVNMSMFQMKEY-UHFFFAOYNA-N","C01046"
"MBBOMCVGYCRMEA-UHFFFAOYSA-N","C00955"
"PHIQHXFUZVPYII-ZCFIWIBFSA-N","C00318"
"TWNIBLMWSKIRAT-VFUOTHLCSA-N","No result"
"VHVOLFRBFDOUSH-NSCUHMNNSA-N","C10472"
"HNXQXTQTPAJEJL-UHFFFAOYSA-N","C00715"
"QEFRNWWLZKMPFJ-UHFFFAOYNA-N","No result"
"QEFRNWWLZKMPFJ-UHFFFAOYSA-N","No result"
"COLNVLDHVKWLRT-UHFFFAOYNA-N","No result"
"KUBCEEMXQZUPDQ-UHFFFAOYSA-N","C06199"
"ZDHCVQNIRWDINX-UHFFFAOYSA-N","No result"
"GJAWHXHKYYXBSV-UHFFFAOYSA-N","C03722"
"DTBNBXWJWCWCIK-UHFFFAOYSA-N","C00074"
"YGCODSQDUUUKIV-UHFFFAOYSA-N","C13841"
"OLBNOBQOQZRLMP-UHFFFAOYSA-N","C10331"
"AIFRHYZBTHREPW-UHFFFAOYSA-N","C20157"
"ZHYZQXUYZJNEHD-UHFFFAOYSA-N","No result"
"XDDAORKBJWWYJS-UHFFFAOYSA-N","C01705"
"LXNHXLLTXMVWPM-UHFFFAOYSA-N","C00314"
"LXNHXLLTXMVWPM-UHFFFAOYSA-N","C00314"
"LXNHXLLTXMVWPM-UHFFFAOYSA-N","C00314"
"LMYRWZFENFIFIT-UHFFFAOYSA-N","C14412"
"VQMSRUREDGBWKT-UHFFFAOYSA-N","C06414"
"VQMSRUREDGBWKT-UHFFFAOYSA-N","C06414"
"MOSRXMRJDACECK-UHFFFAOYSA-N","No result"
"MOSRXMRJDACECK-UHFFFAOYSA-N","No result"
"UUFAJPMQSFXDFR-UHFFFAOYNA-N","No result"
"UPUZGXILYFKSGE-UHFFFAOYSA-N","C18624"
"QELUYTUMUWHWMC-UHFFFAOYSA-N","C13008"
"OCDGBSUVYYVKQZ-UHFFFAOYSA-N","C08304"
"DFNZYFAJQPLJFI-UHFFFAOYSA-N","C06525"
"DFNZYFAJQPLJFI-UHFFFAOYSA-N","C06525"
"SEOVTRFCIGRIMH-UHFFFAOYSA-N","C00954"
"POJWUDADGALRAB-UHFFFAOYSA-N","C02348"
"YQUVCSBJEUQKSH-UHFFFAOYSA-N","C00230"
"LFRFNLMDZHTVHB-UHFFFAOYSA-N","No result"
"NPOAOTPXWNWTSH-UHFFFAOYSA-N","C03761"
"VLPIATFUUWWMKC-UHFFFAOYNA-N","No result"
"OUYCCCASQSFEME-UHFFFAOYSA-N","C01536"
"YHHSONZFOIEMCP-UHFFFAOYSA-N","C00588"
"OSJPPGNTCRNQQC-UHFFFAOYSA-N","C00597"
"PNNNRSAQSRJVSB-BXKVDMCESA-N","No result"
"HDVAWXXJVMJBAR-VHSXEESVSA-N","C10773"
"MDKCFLQDBWCQCV-UHFFFAOYSA-N","C03098"
"DTERQYGMUDWYAZ-ZETCQYMHSA-N","C02727"
"HCZHHEIFKROPDY-UHFFFAOYSA-N","C01717"
"HCZHHEIFKROPDY-UHFFFAOYSA-N","C01717"
"YHQDZJICGQWFHK-UHFFFAOYSA-N","C03474"
"ZVHUQIMPAVOVTR-UHFFFAOYSA-N","No result"
"LJONQULKOKMKBR-UHFFFAOYSA-N","No result"
"XDDAORKBJWWYJS-UHFFFAOYSA-N","C01705"
"XDDAORKBJWWYJS-UHFFFAOYSA-N","C01705"
"GTZCVFVGUGFEME-IWQZZHSRSA-N","C00417"
"GLDQAMYCGOIJDV-UHFFFAOYSA-N","C00196"
"CVXGFPPAIUELDV-UHFFFAOYSA-N","No result"
"FSBIGDSBMBYOPN-VKHMYHEASA-N","C00308"
"KRJIWNLPONWPOO-UHFFFAOYSA-N","No result"
"CBSOFSBFHDQRLV-UHFFFAOYSA-N","No result"
"CBSOFSBFHDQRLV-UHFFFAOYSA-N","No result"
"POJWUDADGALRAB-UHFFFAOYSA-N","C01551"
"FGJGLFPNIZXRLV-UHFFFAOYSA-N","No result"
"DATAGRPVKZEWHA-YFKPBYRVSA-N","C01047"
"WXTBYSIPOKXCPM-UHFFFAOYSA-N","No result"
"DFNZYFAJQPLJFI-UHFFFAOYSA-N","C06525"
"DFNZYFAJQPLJFI-UHFFFAOYSA-N","C06525"
"WQZGKKKJIJFFOK-SVZMEOIVSA-N","C00124"
"XXWCODXIQWIHQN-UHFFFAOYSA-N","No result"
"CIWBSHSKHKDKBQ-JLAZNSOCSA-N","C00072"
"QRPLZGZHJABGRS-UHFFFAOYNA-N","No result"
"XUHLIQGRKRUKPH-UHFFFAOYSA-N","No result"
"ATEFPOUAMCWAQS-UHFFFAOYSA-N","C03093"
"IYODIJVWGPRBGQ-UHFFFAOYSA-N","No result"
"WFWLQNSHRPWKFK-UHFFFAOYNA-N","No result"
"KGANAERDZBAECK-UHFFFAOYSA-N","C19800"
"ONQKSKDLYYDFLL-UHFFFAOYSA-N","No result"
"PETSAYFQSGAEQY-UHFFFAOYSA-N","C01526"
"YAPQBXQYLJRXSA-UHFFFAOYSA-N","C07480"
"YDGMGEXADBMOMJ-LURJTMIESA-N","C03626"
"RLAWWYSOJDYHDC-BZSNNMDCSA-N","D08131"
"MLBHFBKZUPLWBD-UHFFFAOYNA-N","No result"
"RDHQFKQIGNGIED-UHFFFAOYNA-O","No result"
"QRMZSPFSDQBLIX-UHFFFAOYSA-N","C05582"
"QJAPFSSVKIZTMR-UHFFFAOYSA-N","C10702"
"QIVBCDIJIAJPQS-UHFFFAOYNA-N","No result"
"BDJRBEYXGGNYIS-UHFFFAOYSA-N","C08261"
"DBJPZCJQDRPOME-UHFFFAOYSA-N","No result"
"HEFNNWSXXWATRW-UHFFFAOYSA-N","C01588"
"HOPVGFKDVOOCHD-UHFFFAOYSA-N","No result"
"VSDWHZGJGWMIRN-UHFFFAOYSA-N","C07350"
"AFVLVVWMAFSXCK-VMPITWQZSA-N","No result"
"WREGKURFCTUGRC-UHFFFAOYNA-N","No result"
"TWYFGYXQSYOKLK-LREBCSMRSA-N","D06282"
"MINDHVHHQZYEEK-HBBNESRFSA-N","C11758"
"HBUNPJGMNVQSBX-UHFFFAOYSA-N","No result"
"KRKNYBCHXYNGOX-UHFFFAOYSA-N","C00158"
"ZCXGMSGCBDSEOY-UHFFFAOYSA-N","No result"
"XUHLIQGRKRUKPH-UHFFFAOYSA-N","No result"
"FMOKUKPRJSMPOI-UHFFFAOYSA-N","No result"
"WZNJWVWKTVETCG-UHFFFAOYSA-N","No result"
"QXKHYNVANLEOEG-UHFFFAOYSA-N","C01864"
"PWARHDUWOJUADN-UHFFFAOYSA-N","No result"
"LFULEKSKNZEWOE-UHFFFAOYSA-N","C14229"
"YAPQBXQYLJRXSA-UHFFFAOYSA-N","C07480"
"GNISQJGXJIDKDJ-YFKPBYRVSA-N","C01118"
"ZXNRTKGTQJPIJK-UHFFFAOYSA-N","C13355"
"WCIZHDREQJXEQO-UHFFFAOYSA-N","No result"
"UZKQTCBAMSWPJD-UQCOIBPSSA-N","C15545"
"NCCWCZLEACWJIN-UHFFFAOYSA-N","No result"
"LDCYZAJDBXYCGN-UHFFFAOYNA-N","No result"
"KWNQIIMVPSMYEM-UHFFFAOYSA-N","No result"
"KWNQIIMVPSMYEM-UHFFFAOYSA-N","No result"
"FBZONXHGGPHHIY-UHFFFAOYSA-N","C02470"
"KPZYYKDXZKFBQU-UHFFFAOYSA-N","No result"
"MCAIMPGCWVIODY-PHTUBKJSSA-N","No result"
"MFFQNMFIVBUMBX-UHFFFAOYSA-N","No result"
"BDJRBEYXGGNYIS-UHFFFAOYSA-N","C08261"
"RZGFUGXQKMEMOO-OKJCGHETNA-N","No result"
"UZQNZIRCZJBHKR-UHFFFAOYSA-N","No result"
"AEPMKZIOUKHDOO-UHFFFAOYSA-N","No result"
"YAADMLWHGMUGQL-VOTSOKGWSA-N","No result"
"ONPXCLZMBSJLSP-UHFFFAOYNA-N","No result"
"VGPYEHKOIGNJKV-UHFFFAOYSA-N","C18350"
"RKFAZBXYICVSKP-WAYWQWQTSA-N","C10430"
"XRDJYSVGPBJZSG-HGUIZCDCSA-N","No result"
"YDIIDRWHPFMLGR-UHFFFAOYSA-N","No result"
"DSCFFEYYQKSRSV-UHFFFAOYSA-N","No result"
"LZFOPEXOUVTGJS-ONEGZZNKSA-N","C02325"
"DEBDFZGNZTYPMF-NZBPQXDJSA-N","No result"
"VLSMHEGGTFMBBZ-OOZYFLPDSA-N","C12819"
"PUZLVBQOZIVDKI-UHFFFAOYNA-N","No result"
"ICNOFNFXLJFTLZ-UHFFFAOYSA-N","No result"
"ICNOFNFXLJFTLZ-UHFFFAOYSA-N","No result"
"ICNOFNFXLJFTLZ-UHFFFAOYSA-N","No result"
"ZQTJMIZZICSOBJ-UHFFFAOYSA-N","No result"
"HVQAJTFOCKOKIN-UHFFFAOYSA-N","C01495"
"WKGXYQFOCVYPAC-UHFFFAOYSA-N","C07501"
"LQZXAHKUYJVAAR-UHFFFAOYSA-N","No result"
"LQZXAHKUYJVAAR-UHFFFAOYSA-N","No result"
"DWVQVQMJQGSFRM-UHFFFAOYSA-N","No result"
"ZCYXGVJUZBKJAI-UHFFFAOYSA-N","No result"
"KJHOCLYVJRTASU-SQMFLSJESA-N","No result"
"DOUYETYNHWVLEO-UHFFFAOYSA-N","D02500"
"DOUYETYNHWVLEO-UHFFFAOYSA-N","D02500"
"KUFXJZXMWHNCEH-DOMZBBRYSA-N","No result"
"UZKQTCBAMSWPJD-FARCUNLSSA-N","C00371"
"RHOQRBVFJSAQTR-UHFFFAOYSA-N","No result"
"QIVBCDIJIAJPQS-VIFPVBQESA-N","C00078"
"RDJGLLICXDHJDY-UHFFFAOYSA-N","C06997"
"FBZONXHGGPHHIY-UHFFFAOYSA-N","C02470"
"DUEPRVBVGDRKAG-UHFFFAOYSA-N","C14291"
"AEPMKZIOUKHDOO-UHFFFAOYSA-N","No result"
"HOEVRHHMDJKUMZ-UHFFFAOYSA-N","C17480"
"DRTQHJPVMGBUCF-UHFFFAOYSA-N","No result"
"UETZJEZFLKASPR-UZWIWUQPSA-N","No result"
"YRAQEMCYCSSHJG-UHFFFAOYSA-N","No result"
"MCAIMPGCWVIODY-PHTUBKJSSA-N","No result"
"IMXSCCDUAFEIOE-UHFFFAOYNA-N","No result"
"MRVHCCZFXHOQOT-ZJUUUORDSA-N","No result"
"RYBXJAJHOPCXHS-RDUHTLEXSA-N","No result"
"WRLCNNSWESNISL-UHFFFAOYSA-O","No result"
"VZBUSXXYCPQEIC-UHFFFAOYSA-N","No result"
"VZBUSXXYCPQEIC-UHFFFAOYSA-N","No result"
"BSXCHPRMOOSCRM-UHFFFAOYSA-N","No result"
"VLSMHEGGTFMBBZ-OOZYFLPDSA-N","C12819"
"WTQWDNIIFGEBSZ-ROAVRGLVSA-N","No result"
"SVZORQBLCFZGBK-UHFFFAOYSA-N","No result"
"CUKXSBOAIJILRY-UHFFFAOYNA-N","No result"
"MEFQWPUMEMWTJP-UHFFFAOYSA-N","C18858"
"REEQLXCGVXDJSQ-UHFFFAOYSA-N","C11032"
"NQIZIOGKLJAGSU-UHFFFAOYSA-N","No result"
"HXVZGASCDAGAPS-UHFFFAOYSA-N","C03837"
"FMWJHXDPCQWVEJ-JVLSTEMRSA-N","No result"
"QHTQREMOGMZHJV-UHFFFAOYSA-N","C14428"
"LLLFASISUZUJEQ-UHFFFAOYSA-N","C11087"
"SUHOQUVVVLNYQR-MRVPVSSYSA-O","C00670"
"SUHOQUVVVLNYQR-MRVPVSSYSA-O","C00670"
"WAPMVTHIMHEOAB-UHFFFAOYSA-N","No result"
"YMHOBZXQZVXHBM-UHFFFAOYSA-N","No result"
"HXXFSFRBOHSIMQ-UHFFFAOYNA-N","No result"
"DXZNCVRUZDRWLR-UHFFFAOYSA-N","No result"
"TWDKEWYUAIMHMA-UHFFFAOYSA-N","No result"
"DCWXELXMIBXGTH-UHFFFAOYNA-N","No result"
"DPSPPJIUMHPXMA-UHFFFAOYSA-N","No result"
"LTNUWWZNTOSEML-NUATZEMDSA-N","No result"
"LEVWYRKDKASIDU-IMJSIDKUSA-N","C00491"
"LHAMHOYLSNNJQR-UHFFFAOYSA-N","No result"
"MCAIMPGCWVIODY-PHTUBKJSSA-N","No result"
"ADUHAEBXPKBNDK-OULSSNOLSA-N","No result"
"LKKDASYGWYYFIK-UHFFFAOYSA-N","No result"
"SGAYOTORECIFCJ-UHFFFAOYSA-N","No result"
"PKKTXAMCHLIVDS-UHFFFAOYSA-N","No result"
"PKKTXAMCHLIVDS-UHFFFAOYSA-N","No result"
"JZRWCGZRTZMZEH-UHFFFAOYSA-N","C00378"
"OIRDTQYFTABQOQ-KQYNXXCUSA-N","C00212"
"TZBJGXHYKVUXJN-UHFFFAOYSA-N","C06563"
"VEUCARGUUJVDOF-CXUHLZMHSA-N","No result"
"WXZVAROIGSFCFJ-UHFFFAOYNA-N","No result"
"VOWJSEYJDXBICY-UHFFFAOYSA-N","No result"
"BNQKFYXFHDIERD-UHFFFAOYSA-N","No result"
"BPCRVQOBIAIVSF-SOFGYWHQSA-N","No result"
"MUMCCPUVOAUBAN-UHFFFAOYSA-N","C09567"
"MUMCCPUVOAUBAN-UHFFFAOYSA-N","C09567"
"YXBHWZYFNLJVNP-UHFFFAOYSA-N","No result"
"KSMZUKWIDPCGBS-UHFFFAOYSA-N","No result"
"NKYAIPHVDQBFLF-UHFFFAOYSA-N","No result"
"OQWKEEOHDMUXEO-BQYQJAHWSA-N","C10494"
"LEVWYRKDKASIDU-UHFFFAOYSA-N","C01420"
"QBPFLULOKWLNNW-UHFFFAOYSA-N","C10312"
"FIQMHBFVRAXMOP-UHFFFAOYSA-N","No result"
"IXRKDGGGFFCRIR-UHFFFAOYSA-N","No result"
"HKXQUNNSKMWIKJ-UHFFFAOYSA-N","No result"
"VANIIUGEHGLNHB-AATRIKPKSA-N","No result"
"SLSIBLKBHNKZTB-UHFFFAOYSA-N","C10740"
"IEYPTSQYHVVDAC-UHFFFAOYSA-N","No result"
"GFYLSDSUCHVORB-IOSLPCCCSA-N","C02494"
"LCDBRGPJMWXDGF-ONEGZZNKSA-N","No result"
"CMSMOCZEIVJLDB-UHFFFAOYSA-N","C07888"
"NYHBQMYGNKIUIF-UUOKFMHZSA-N","C00387"
"WEWBWVMTOYUPHH-GXUZYPEDSA-N","No result"
"RXGUTQNKCXHALN-UHFFFAOYSA-N","No result"
"FCDLCPWAQCPTKC-UHFFFAOYSA-N","C10401"
"DANYIYRPLHHOCZ-UHFFFAOYSA-N","C01470"
"OLZAGZCCJJBKNZ-UJPOAAIJSA-N","No result"
"PORHOKHIMOFMMH-UHFFFAOYSA-N","No result"
"QIQXTHQIDYTFRH-UHFFFAOYSA-N","C01530"
"QIQXTHQIDYTFRH-UHFFFAOYSA-N","C01530"
"GMVYLXBMPRDZDR-AWEZNQCLSA-N","No result"
"VVLWYFUJJAWYBP-UHFFFAOYSA-N","No result"
"SGHXFFAHXTZRQM-SPIKMXEPSA-N","D00662"
"UFNOUKDBUJZYDE-UHFFFAOYNA-N","No result"
"VVLWYFUJJAWYBP-UHFFFAOYSA-N","No result"
"KCXVZYZYPLLWCC-UHFFFAOYSA-N","C00284"
"KCXVZYZYPLLWCC-UHFFFAOYSA-N","C00284"
"QCAWEPFNJXQPAN-UHFFFAOYSA-N","C18525"
"VYGRYVGDPYFVCA-UHFFFAOYNA-N","No result"
"ZONJATNKKGGVSU-UHFFFAOYSA-N","No result"
"ZONJATNKKGGVSU-UHFFFAOYSA-N","No result"
"IXRKDGGGFFCRIR-UHFFFAOYSA-N","No result"
"IXRKDGGGFFCRIR-UHFFFAOYSA-N","No result"
"PBAZKMWQUBDDLZ-UHFFFAOYSA-N","No result"
"VGEREEWJJVICBM-UHFFFAOYSA-N","C00774"
"WAPMVTHIMHEOAB-UHFFFAOYSA-N","No result"
"WAPMVTHIMHEOAB-UHFFFAOYSA-N","No result"
"MUMCCPUVOAUBAN-UHFFFAOYSA-N","C09567"
"MUMCCPUVOAUBAN-UHFFFAOYSA-N","C09567"
"YTLMIHBTPWTPEV-UHFFFAOYSA-N","No result"
"WUUGFSXJNOTRMR-IOSLPCCCSA-N","C00170"
"ZEUITGRIYCTCEM-UHFFFAOYNA-N","No result"
"GOZCEKPKECLKNO-RKQHYHRCSA-N","C10720"
"HPEUJPJOZXNMSJ-UHFFFAOYSA-N","No result"
"VJJZJBUCDWKPLC-UHFFFAOYSA-N","C05902"
"WZJZMXBKUWKXTQ-UHFFFAOYSA-N","C18417"
"HBRYKWADRULLHU-UHFFFAOYSA-N","No result"
"JOWVGZMGFFSVRV-UHFFFAOYSA-N","No result"
"OTKJDMGTUTTYMP-ZWKOTPCHSA-N","C00836"
"OTKJDMGTUTTYMP-ZWKOTPCHSA-N","C00836"
"NIKHGUQULKYIGE-ADPGWCSISA-N","C11874"
"NIKHGUQULKYIGE-ADPGWCSISA-N","C11874"
"VOYCJQSSBDMXNQ-YZGKFDMESA-N","No result"
"RYAUSSKQMZRMAI-ALOPSCKCSA-N","C18787"
"OPVPGKGADVGKTG-UHFFFAOYNA-N","No result"
"OPVPGKGADVGKTG-UHFFFAOYNA-N","No result"
"WVFNARDJAJTRAI-ZRGNYTFBSA-N","No result"
"CIGQQQTZOIDQQR-SGWMQEFOSA-N","No result"
"OGURJSOPVFCIOO-UHFFFAOYSA-N","No result"
"AAFQUFFWQFQGDH-UHFFFAOYSA-N","No result"
"RFHAOTPXVQNOHP-UHFFFAOYSA-N","D00322"
"RKUNBYITZUJHSG-SPUOUPEWSA-N","C01479"
"WRPIRSINYZBGPK-UHFFFAOYSA-N","C18892"
"WRPIRSINYZBGPK-UHFFFAOYSA-N","C18892"
"RWSXRVCMGQZWBV-UHFFFAOYNA-N","C02320"
"SWWQQSDRUYSMAR-UHFFFAOYSA-N","No result"
"KJESCRMXEKTEKR-UHFFFAOYSA-N","No result"
"UHPXXKLAACDXGS-UHFFFAOYSA-N","No result"
"IYRMWMYZSQPJKC-UHFFFAOYSA-N","C05903"
"JSRLJPSBLDHEIO-UHFFFAOYNA-N","No result"
"GLWPLQBQHWYKRK-CYBMUJFWSA-N","No result"
"SRTQBUDNFLRBKO-UHFFFAOYSA-N","No result"
"XVULBTBTFGYVRC-GRLGQGAKSA-N","No result"
"BFCZPWYLRHFBNO-DTJAAUDXSA-N","No result"
"CELZEZYUAVUZRU-NXVVXOECSA-N","No result"
"CELZEZYUAVUZRU-NXVVXOECSA-N","No result"
"GKMFOEIZCLMZDE-UHFFFAOYSA-N","No result"
"AADNEQWIZKTMBL-UHFFFAOYSA-N","No result"
"JUSRSHKQWKDVMR-CMDGGOBGSA-N","No result"
"OCAPBUJLXMYKEJ-UHFFFAOYNA-N","No result"
"PROQIPRRNZUXQM-ZXXIGWHRSA-N","C05141"
"PROQIPRRNZUXQM-ZXXIGWHRSA-N","C05141"
"PROQIPRRNZUXQM-ZXXIGWHRSA-N","C05141"
"LUIGTZGBXWZJAX-UHFFFAOYSA-N","No result"
"LUIGTZGBXWZJAX-UHFFFAOYSA-N","No result"
"AXTZJFBZXCJFJP-UHFFFAOYSA-N","No result"
"FCHJZJFIDNMNBS-CLBXSRGTSA-N","No result"
"BOJKFRKNLSCGHY-HXGSDTCMSA-N","C20197"
"BOJKFRKNLSCGHY-HXGSDTCMSA-N","C20197"
"JTWQQJDENGGSBJ-KVPLUYHFSA-N","No result"
"VKOBVWXKNCXXDE-UHFFFAOYSA-N","C06425"
"GIKJADRKBZHVCY-DUXPYHPUSA-N","No result"
"WULISCVZERSMML-UHFFFAOYSA-O","No result"
"XUOQKQRMICQUQC-AOIWGVFYSA-N","No result"
"XWKYXEIGWQYOCY-UHFFFAOYSA-N","No result"
"XQUGJIFOYBNDBQ-UHFFFAOYSA-N","No result"
"BUOADWXGPJXKRM-UHFFFAOYSA-N","No result"
"BJGUEPXNQKBVBW-UHFFFAOYSA-N","No result"
"BUWARJBQHWMPTL-UHFFFAOYSA-N","No result"
"GZVIQGVWSNEONZ-UHFFFAOYSA-N","No result"
"RIGGEAZDTKMXSI-MEBVTJQTSA-N","C16326"
"AKKQGFKWEDCWJK-UHFFFAOYSA-N","No result"
"FJYFQXJJSFYJQV-UHFFFAOYSA-N","No result"
"NGMQJZCKXKTQID-CSKARUKUSA-N","No result"
"NGMQJZCKXKTQID-CSKARUKUSA-N","No result"
"AERBNCYCJBRYDG-UHFFFAOYNA-N","C12144"
"KHPCPRHQVVSZAH-GUNCLKARSA-N","No result"
"VLHOVPZUSXEINR-UHFFFAOYSA-N","No result"
"XMVQWNRDPAAMJB-UHFFFAOYSA-N","No result"
"XLGJBANZFAQPOK-UHFFFAOYSA-N","No result"
"XHCJIWRCLSSDCD-UHFFFAOYSA-N","No result"
"LVVHGBHCFCKIPX-UHFFFAOYSA-N","No result"
"HHAMKMUMKLXDFQ-KFRFNOKNSA-N","No result"
"OQAFURZDHYCZMF-DSXPNFDZNA-N","No result"
"NUGZAVACCBZKET-UHFFFAOYSA-N","No result"
"MFJASCFAUMWBMV-UHFFFAOYSA-O","No result"
"AZUKRZGSIRBRCH-UHFFFAOYSA-N","No result"
"LJEJBLOFFDLRIH-GFCCVEGCSA-N","No result"
"GLYPKDKODVRYGP-UHFFFAOYSA-O","No result"
"NFYYATWFXNPTRM-RVAGMTOBSA-N","No result"
"SEGLCEQVOFDUPX-UHFFFAOYNA-N","No result"
"NCAZLDCEJHFJDT-KHKZNYETSA-N","No result"
"OIKHXEKXIIAQKY-UHFFFAOYNA-N","No result"
"DJJCXFVJDGTHFX-UHFFFAOYNA-N","No result"
"VPAOSFFTKWUGAD-TVKJYDDYSA-N","No result"
"KALVKBCVJGXOKE-UHFFFAOYSA-N","No result"
"PVXPPJIGRGXGCY-UHFFFAOYNA-N","No result"
"PORHOKHIMOFMMH-UHFFFAOYSA-N","No result"
"LOUPRKONTZGTKE-VOMFEXJBSA-N","C06526"
"LOUPRKONTZGTKE-VOMFEXJBSA-N","C06526"
"KHCCSRVJJDOANA-ZOSGAXDSSA-N","No result"
"KVMPUXDNESXNOH-UHFFFAOYNA-N","No result"
"KGNGTSCIQCLKEH-SYCVNHKBSA-N","C08437"
"MOLPUWBMSBJXER-NRSGSQFTSA-N","No result"
"MOLPUWBMSBJXER-NRSGSQFTSA-N","No result"
"NHMMAMIRMITGRD-UHFFFAOYSA-N","No result"
"KOLGVIJQEZBWIQ-UHFFFAOYSA-N","No result"
"LGZSMXJRMTYABD-MDZDMXLPSA-N","No result"
"IHUNBGSDBOWDMA-AQFIFDHZSA-N","D02754"
"LJOQGZACKSYWCH-WZBLMQSHSA-N","No result"
"YUVKUEAFAVKILW-UHFFFAOYNA-N","No result"
"OTGQIQQTPXJQRG-UHFFFAOYSA-N","No result"
"XWIYFDMXXLINPU-UHFFFAOYSA-N","No result"
"ATDBDSBKYKMRGZ-ZDUSSCGKSA-N","C09000"
"XCRBJSLPMIXFOO-UHFFFAOYSA-N","No result"
"SSBZLMMXFQMHDP-OZJOCWMRSA-N","No result"
"SSBZLMMXFQMHDP-OZJOCWMRSA-N","No result"
"DGDABUQKZBKVNH-INIZCTEOSA-N","No result"
"FCHJZJFIDNMNBS-CLBXSRGTSA-N","No result"
"BXXKRESPUSMTEI-FNORWQNLSA-N","No result"
"YDAVVXOXSSFVPF-BBBHLOGDSA-N","No result"
"NERNKRPBSOBEHC-PTNGSMBKSA-N","No result"
"YJRLSCDUYLRBIZ-UHFFFAOYSA-N","C00495"
"YJRLSCDUYLRBIZ-UHFFFAOYSA-N","C00495"
"YJRLSCDUYLRBIZ-UHFFFAOYSA-N","C00495"
"AADNEQWIZKTMBL-UHFFFAOYSA-N","No result"
"NLDDIKRKFXEWBK-CQSZACIVSA-N","No result"
"UPUIQOIQVMNQAP-UHFFFAOYSA-M","No result"
"ILQLITDRYFHAGM-UHFFFAOYSA-N","No result"
"DAYLJWODMCOQEW-TURQNECASA-N","C00455"
"GIKJADRKBZHVCY-DUXPYHPUSA-N","No result"
"NPDSHTNEKLQQIJ-SIGMCMEVSA-N","No result"
"VKOBVWXKNCXXDE-UHFFFAOYSA-N","C06425"
"XLGJBANZFAQPOK-UHFFFAOYSA-N","No result"
"COPJJLIBBWNVEG-UHFFFAOYSA-N","No result"
"ROCUOVBWAWAQFD-UHFFFAOYSA-N","No result"
"CEDINFOMXSQPIQ-UHFFFAOYSA-N","No result"
"BUOADWXGPJXKRM-UHFFFAOYSA-N","No result"
"KCMWOWTUEWHAMM-DEPLHBLFSA-N","No result"
"YBHILYKTIRIUTE-UHFFFAOYSA-N","C00757"
"KFIPVCUMEJOXQF-UHFFFAOYSA-N","No result"
"MXYUKLILVYORSK-HBMCJLEFSA-N","C07475"
"UAUDZVJPLUQNMU-UHFFFAOYSA-N","No result"
"NGMQJZCKXKTQID-CSKARUKUSA-N","No result"
"SMOHLDSEWHACKE-UHFFFAOYSA-N","No result"
"TXPRZPDVUZCNLB-YECGNMMBSA-N","C08503"
"ZQHJXKYYELWEOK-LCLWPZTBSA-N","No result"
"VABYUUZNAVQNPG-BQYQJAHWSA-N","C10166"
"YRRAGUMVDQQZIY-UHFFFAOYSA-N","C04109"
"UJVLDDZCTMKXJK-UHFFFAOYNA-N","No result"
"IMONTRJLAWHYGT-FJMAIUEKSA-N","No result"
"QELDJEKNFOQJOY-UHFFFAOYNA-N","No result"
"HXHKKYNHNQVAAX-HNNXBMFYSA-N","C09377"
"RBKWJAHRWPDNPM-UHFFFAOYSA-N","No result"
"JKTSDLANZJEZMK-UHFFFAOYSA-N","No result"
"HIFLEGNWVFLGLY-UHFFFAOYSA-N","No result"
"FIDIQKXIRFUXAF-UHFFFAOYSA-N","No result"
"NFYYATWFXNPTRM-RVAGMTOBSA-N","No result"
"LDVSKUDVSXXLAQ-UHFFFAOYSA-N","No result"
"OGTDCWCKOKLYSK-UHFFFAOYSA-N","No result"
"OGTDCWCKOKLYSK-UHFFFAOYSA-N","No result"
"QVLYXPULBWQTJW-UHFFFAOYSA-N","No result"
"UNAHYJYOSSSJHH-UHFFFAOYSA-N","C18877"
"ODKYLYWWBHXMRV-UHFFFAOYSA-N","No result"
"KHSCYOFDKADJDJ-UHFFFAOYSA-N","C09547"
"GKPNPQODFXMCGO-IFXJQAMLSA-N","No result"
"OMFXVFTZEKFJBZ-HJTSIMOOSA-N","C02140"
"FNLMCNKPGGHKQL-FPLPWBNLSA-N","No result"
"UDMBCSSLTHHNCD-UHFFFAOYSA-N","No result"
"PDVBXFORJHQVEI-YEUVBKMTSA-N","No result"
"PKAIECBWQZFYRP-SOFGYWHQSA-N","No result"
"AADNEQWIZKTMBL-UHFFFAOYSA-N","No result"
"SJGGZNSVPHOEPD-OZOMQSQASA-N","No result"
"OSTGRIJFXPSPFX-UHFFFAOYSA-N","No result"
"OSTGRIJFXPSPFX-UHFFFAOYSA-N","No result"
"AVKUERGKIZMTKX-UHFFFAOYNA-N","No result"
"AVKUERGKIZMTKX-UHFFFAOYNA-N","No result"
"AVKUERGKIZMTKX-UHFFFAOYNA-N","No result"
"BCEHBSKCWLPMDN-MGPLVRAMSA-N","C07622"
"BCEHBSKCWLPMDN-MGPLVRAMSA-N","C07622"
"LZJRNLRASBVRRX-UHFFFAOYSA-N","No result"
"URSYWCOXEXDCDK-UHFFFAOYSA-N","No result"
"OQLFZIMUPPRHDP-UHFFFAOYSA-N","No result"
"ONJKDQWJZQEXIR-UHFFFAOYSA-N","No result"
"JGHTWRZCNLXYPF-UHFFFAOYSA-N","No result"
"NPNNKDMSXVRADT-WEVVVXLNSA-N","C02717"
"UGGQJFCPEJWJFR-UHFFFAOYSA-N","No result"
"FCHJZJFIDNMNBS-CLBXSRGTSA-N","No result"
"NBMBQDMXBCIEMX-UHFFFAOYSA-N","No result"
"ZMOXNUGOJSHBRR-VOTSOKGWSA-N","No result"
"QYPNKSZPJQQLRK-UHFFFAOYSA-N","C18526"
"DTFXGVGIKNSCQQ-UHFFFAOYSA-N","C10120"
"CWVRJTMFETXNAD-PCNKEKKESA-N","No result"
"QPAKXSCQEJXHSW-INIZCTEOSA-N","No result"
"UPUIQOIQVMNQAP-UHFFFAOYSA-M","No result"
"UPUIQOIQVMNQAP-UHFFFAOYSA-M","No result"
"YHKYFYCSTJGMID-JWROMMBDSA-N","No result"
"ZTNYRNGTBAGYIZ-VAWYXSNFSA-N","No result"
"HEMSJKZDHNSSEW-UHFFFAOYSA-N","C02868"
"MQRRSNNZKRHXGT-QMEZDXFZSA-N","No result"
"CBOSLVQFGANWTL-JAQKJRLSSA-N","No result"
"PENSQRMNZZWMGV-UHFFFAOYSA-N","No result"
"HPNSFSBZBAHARI-RUDMXATFSA-N","C20380"
"SREZIYPRWBLGDH-QOKNQOGYSA-N","No result"
"PRYGKAJEGXTQNF-UHFFFAOYSA-N","No result"
"QXPBTTUOVWMPJN-QBNHLFMHSA-M","D02194"
"CMKFQVZJOWHHDV-QYWJTTNJSA-N","No result"
"GAGWJHPBXLXJQN-UHFFFAOYNA-N","No result"
"SBXFNAPGWOTRJF-UHFFFAOYSA-N","No result"
"BMRSEYFENKXDIS-OTCYKTEZSA-N","C12208"
"KJADKKWYZYXHBB-XBWDGYHZSA-N","C07502"
"WSYVIAQNTFPTBI-UHFFFAOYSA-N","No result"
"WSYVIAQNTFPTBI-UHFFFAOYSA-N","No result"
"IIBYAHWJQTYFKB-UHFFFAOYSA-N","D01366"
"QFYFLJZBZITPGX-IBEHDNSVSA-N","No result"
"DQTMTQZSOJMZSF-UHFFFAOYSA-N","No result"
"DQTMTQZSOJMZSF-UHFFFAOYSA-N","No result"
"KYDNOVLBVBYOSW-UHFFFAOYSA-N","No result"
"JNELTBHOLOQEJH-LPULDKDHSA-N","No result"
"VBZYLQJSPMDPOO-UHFFFAOYSA-N","No result"
"HPTJABJPZMULFH-UHFFFAOYSA-N","No result"
"RQFCJASXJCIDSX-UUOKFMHZSA-N","C00144"
"LQEYIIJYBJCNKH-UHFFFAOYSA-N","No result"
"IIJLVJMZYPZQLW-MZVUKIKXSA-N","No result"
"IIJLVJMZYPZQLW-MZVUKIKXSA-N","No result"
"DCTLYFZHFGENCW-UUOKFMHZSA-N","C00655"
"DLRVVLDZNNYCBX-ZZFZYMBESA-N","No result"
"CKDDRHZIAZRDBW-UHFFFAOYSA-N","No result"
"ZAVZMGKHLUNLAR-UHFFFAOYSA-N","No result"
"KRYFHYSXWHRZKT-BRTIRZTQSA-N","No result"
"LREZKCRJKFUVIP-UHFFFAOYSA-N","No result"
"XQOSNJUURCKQGN-AXSGJTORSA-N","No result"
"LDVSKUDVSXXLAQ-UHFFFAOYSA-N","No result"
"HILBWEPXZDMOAE-UHFFFAOYSA-N","No result"
"YLCJNMGKCHGJRF-UHFFFAOYSA-N","No result"
"MZNIJRAPCCELQX-MHYYFZQMSA-N","No result"
"KUPPZVXLWANEJJ-UXPPPGSFSA-N","No result"
"MXPXAZNVQUWDFH-NSISKUIASA-N","No result"
"MXPXAZNVQUWDFH-NSISKUIASA-N","No result"
"LRRJYOPCACBLEA-OIUIQZGASA-N","No result"
"IYNMDWMQHSMDDE-IITLADEESA-N","No result"
"YXHVCZZLWZYHSA-FPLPWBNLSA-N","C10794"
"MJIHNNLFOKEZEW-UHFFFAOYSA-N","D00355"
"QRYRORQUOLYVBU-VBKZILBWSA-N","No result"
"QRYRORQUOLYVBU-VBKZILBWSA-N","No result"
"QRYRORQUOLYVBU-VBKZILBWSA-N","No result"
"BPHUMAUSBOVDPO-UHFFFAOYSA-N","No result"
"LLEJIEBFSOEYIV-UHFFFAOYSA-N","C12227"
"QRYRORQUOLYVBU-VBKZILBWSA-N","No result"
"FCEHFCFHANDXMB-UMEYXWOPSA-N","No result"
"FCEHFCFHANDXMB-UMEYXWOPSA-N","No result"
"PDAYUJSOJIMKIS-SNAWJCMRSA-N","No result"
"VKJGBAJNNALVAV-UHFFFAOYSA-M","C12679"
"VKJGBAJNNALVAV-UHFFFAOYSA-M","C12679"
"PCWWIOUZYOPZHT-VBUSEHTESA-N","No result"
"POXKBPUNCDMQMW-YLVJLNSGSA-N","No result"
"WKUOPGZYLRFCHJ-APDQSUQKSA-N","No result"
"WTDIRAZPDUAJEB-UHFFFAOYSA-N","No result"
"KHQNSSJNIXVKMK-QSCDNJGLSA-N","No result"
"DBEPLOCGEIEOCV-WSBQPABSSA-N","D00321"
"UKFUHWPKKCYCQR-UHFFFAOYSA-N","No result"
"XYPPDQHBNJURHU-RHFXQVJCSA-N","No result"
"JRHMMVBOTXEHGJ-UHFFFAOYSA-N","C09216"
"SNMGCHVOXFNCCF-UHFFFAOYSA-N","No result"
"GRTOGORTSDXSFK-XJTZBENFSA-N","C09024"
"VHRSUDSXCMQTMA-PJHHCJLFSA-N","D00407"
"MDJRZSNPHZEMJH-UHFFFAOYSA-N","No result"
"TVLSRXXIMLFWEO-UHFFFAOYSA-N","C11182"
"KDYYGGKDZBRIIX-UHFFFAOYSA-N","No result"
"KDYYGGKDZBRIIX-UHFFFAOYSA-N","No result"
"FIQGQTITXPTKIY-UHFFFAOYSA-N","No result"
"FIQGQTITXPTKIY-UHFFFAOYSA-N","No result"
"CWVRJTMFETXNAD-JUHZACGLSA-N","C00852"
"AUNGANRZJHBGPY-UHFFFAOYNA-N","No result"
"ORXQGKIUCDPEAJ-YRNVUSSQSA-N","No result"
"VOCJFEUCJDTXSA-UHFFFAOYSA-N","No result"
"NUBAAWQBTGSVGH-UHFFFAOYSA-N","No result"
"FXOBIDROVMXPBW-UHFFFAOYSA-N","No result"
"IQMMQBXFNFNXIC-UHFFFAOYSA-N","No result"
"ZMZWVJLMOBCSEP-QRMXYISGSA-N","No result"
"VOVBYBYEYGCZIL-MRXNPFEDSA-N","No result"
"VOVBYBYEYGCZIL-MRXNPFEDSA-N","No result"
"GTLYLWQDKQVONL-KDOFPFPSSA-N","No result"
"RPKLZQLYODPWTM-LVVAJZGHSA-N","C19642"
"TZABDPRGZVHMRW-NQNKBUKLSA-N","No result"
"RCZMWVKBVFOCEE-UHFFFAOYSA-N","No result"
"QAPOXOGEDXIOHD-VZRGJMDUSA-N","No result"
"RZRNAYUHWVFMIP-KTKRTIGZSA-N","No result"
"GLXYKTASIIUSRC-UHFFFAOYSA-N","C10645"
"SKCDPGIEMVQDCR-VBMXKYFYSA-N","No result"
"DLRVVLDZNNYCBX-CQUJWQHSSA-N","No result"
"DLRVVLDZNNYCBX-CQUJWQHSSA-N","No result"
"SREZIYPRWBLGDH-QOKNQOGYSA-N","No result"
"GZLIPAFSJXROEC-UHFFFAOYSA-N","No result"
"OILXMJHPFNGGTO-FQRXBOAXSA-N","No result"
"GAGWJHPBXLXJQN-GMTLJSCSSA-N","No result"
"RMFZYEBIQCUWPE-UHFFFAOYSA-N","No result"
"MWEPRWWNHJVNMU-KNWYRSANSA-N","No result"
"DOUMFZQKYFQNTF-WUTVXBCWSA-N","C01850"
"CISFAPDYRQPRCZ-UHFFFAOYSA-N","No result"
"REHZVRNVHQFBAF-YLHHEPAUSA-N","No result"
"DFBIRQPKNDILPW-CIVMWXNOSA-N","C09204"
"GAIVGINVGXHEIA-ZAAJWPAISA-N","No result"
"SGTNXGSCHXKQJX-OQAPJDJNSA-N","No result"
"QMWJARHMJRTJMQ-UHFFFAOYSA-N","No result"
"QWWUZAJFCIZIIQ-UHFFFAOYSA-N","No result"
"RJWJHRPNHPHBRN-FKVJWERZSA-N","C09771"
"QQNSARJGBPMQDI-MZVUKIKXSA-N","No result"
"SNDKOELNUHQSEY-UHFFFAOYSA-N","No result"
"RMFGNMMNUZWCRZ-OAQYLSRUSA-N","No result"
"RMFGNMMNUZWCRZ-OAQYLSRUSA-N","No result"
"RMFGNMMNUZWCRZ-OAQYLSRUSA-N","No result"
"RQZAXGRLVPAYTJ-RYOCMHIPSA-N","No result"
"RWSCJEILSRMTEH-UHFFFAOYSA-N","No result"
"NEZTYZLKZFROFG-INIZCTEOSA-N","No result"
"XOKVHFNTYHPEHN-UHFFFAOYSA-N","No result"
"PZFKWKDGOCAIDK-UHFFFAOYNA-N","No result"
"QVSFEOQJKPOOHP-UHFFFAOYSA-N","No result"
"LRRJYOPCACBLEA-OIUIQZGASA-N","No result"
"LRRJYOPCACBLEA-OIUIQZGASA-N","No result"
"LSQZJLSUYDQPKJ-NJBDSQKTSA-N","C06827"
"WPYJMNHBYFFULY-UHFFFAOYSA-N","No result"
"WPYJMNHBYFFULY-UHFFFAOYSA-N","No result"
"DOFJNFPSMUCECH-UHFFFAOYSA-N","No result"
"IMNIZYXAQQBADI-JMYVHVBSSA-N","No result"
"IBSNKSODLGJUMQ-SDNWHVSQSA-N","No result"
"IWRPVTXREVYBHT-QHXXRISESA-N","No result"
"BNCADMBVWNPPIZ-UHFFFAOYSA-N","No result"
"GJZJZRWFRZFTEE-ARJAWSKDSA-N","No result"
"LQMRAHHWCLZHQD-ZHACJKMWSA-N","No result"
"AQCKKGIVKOHRLM-HBFAXEOFSA-N","No result"
"VKJGBAJNNALVAV-UHFFFAOYSA-M","C12679"
"QUKDLMFYXITHBM-XYOKQWHBSA-N","No result"
"QUKDLMFYXITHBM-XYOKQWHBSA-N","No result"
"STNNWPKHRBGYMO-CMDGGOBGSA-N","No result"
"JLJAVUZBHSLLJL-WJWAULOUSA-N","No result"
"GPLGAQQQNWMVMM-MYAJQUOBSA-N","C06545"
"OMXHMQVMAFLCRB-UHFFFAOYSA-N","No result"
"OMXHMQVMAFLCRB-UHFFFAOYSA-N","No result"
"OMXHMQVMAFLCRB-UHFFFAOYSA-N","No result"
"OMXHMQVMAFLCRB-UHFFFAOYSA-N","No result"
"OMXHMQVMAFLCRB-UHFFFAOYSA-N","No result"
"IWIISBMWNKBQQH-HFPLEIQESA-N","No result"
"AVGVCMDFODSDCK-ODWZBEOQSA-N","No result"
"GGNVSANPVOEGII-GXDHUFHOSA-N","No result"
"DNVPQKQSNYMLRS-UHFFFAOYNA-N","No result"
"CPDCJXCECPCPNL-UHFFFAOYSA-N","No result"
"CXFDTBRNJQYDLK-UHFFFAOYSA-N","No result"
"JNNGEAWILNVFFD-FZLBYPCMSA-N","No result"
"GIUVFWDLNFDKHT-PLYMMSKXSA-N","No result"
"SMEROWZSTRWXGI-JKTPOEMPSA-N","No result"
"IAKHMKGGTNLKSZ-INIZCTEOSA-N","C07592"
"MCTDXPDDZLFJHR-UHFFFAOYSA-N","No result"
"GFMGOVRWOOAPMN-UHFFFAOYSA-N","No result"
"GFMGOVRWOOAPMN-UHFFFAOYSA-N","No result"
"XOMRRQXKHMYMOC-NRFANRHFSA-N","No result"
"ISBKEYQPAWAMRF-HKKFXGGESA-N","No result"
"MTCOVRSZCNNQLP-UHFFFAOYSA-N","No result"
"MTCOVRSZCNNQLP-UHFFFAOYSA-N","No result"
"PLGNVFSTPJUFKJ-UHFFFAOYSA-N","No result"
"XUWSHXDEJOOIND-MEVVXUJLSA-N","No result"
"CQJGDYZEMIGJCJ-UHFFFAOYSA-N","No result"
"CQJGDYZEMIGJCJ-UHFFFAOYSA-N","No result"
"DXIYOCNHJLPWQM-JXPYDTCBSA-N","No result"
"DXIYOCNHJLPWQM-JXPYDTCBSA-N","No result"
"AUGQEEXBDZWUJY-NMAPUUFXSA-N","C09662"
"CMIGVNMYXBHBKY-UHFFFAOYSA-N","No result"
"ZHUOOEGSSFNTNP-HWAYZWBCSA-N","No result"
"OPAWQGXUUDQIPB-SFNIKPSXSA-N","No result"
"TZOHVRDKXUMVIU-UHFFFAOYSA-N","No result"
"UFEYZHWROVTPNL-KRWDZBQOSA-N","No result"
"DFGYGTWTXGTQIC-GGCVLVMGSA-N","No result"
"PQLXHQMOHUQAKB-UHFFFAOYSA-N","D02494"
"PQLXHQMOHUQAKB-UHFFFAOYSA-N","D02494"
"BZYKNVLTMWYEFA-ZJKJAXBQSA-N","No result"
"BZYKNVLTMWYEFA-ZJKJAXBQSA-N","No result"
"DFDRXSQUDNWXGK-UHFFFAOYSA-N","No result"
"PEUUVVGQIVMSAW-RZTYQLBFSA-N","C10561"
"AQCKKGIVKOHRLM-HBFAXEOFSA-N","No result"
"RJFVWGBZBUWHAM-UHFFFAOYSA-N","No result"
"JFSHUTJDVKUMTJ-QHPUVITPSA-N","C08616"
"REZBMFHXMQAQGQ-UHFFFAOYSA-N","No result"
"REZBMFHXMQAQGQ-UHFFFAOYSA-N","No result"
"RLQUGMOZSOFTJC-VZRKHXGSSA-N","No result"
"NVXMWPFVIMTPPT-QFBILLFUSA-N","No result"
"DCULYKVTBAXAER-XETVFITMSA-N","No result"
"CZYPGTRKJFYXLT-SUHXYMONSA-N","No result"
"ZWPFIFVTTMMGQP-UHFFFAOYSA-N","No result"
"SECPDKKEUKDCPG-QGZVFWFLSA-O","No result"
"QOLJILMTPKQQQA-KWEBYEANSA-N","No result"
"ZBHUUXLHDOUMKM-REZTVBANSA-N","No result"
"FMPIFABORGZGFA-UHFFFAOYSA-N","No result"
"IVKGLRZLTNXWKF-VAWYXSNFSA-N","No result"
"IVKGLRZLTNXWKF-VAWYXSNFSA-N","No result"
"JUKPWJGBANNWMW-RZVCPIHASA-N","No result"
"KFRDUIWWNBYMBF-IBGZPJMESA-N","No result"
"XFNIQDLOQLIJTQ-UHFFFAOYSA-N","No result"
"KUNIPLHOIJFHHR-ODLFYWEKSA-N","No result"
"XUDUGZUGZAXCNW-UHFFFAOYSA-N","No result"
"JUVIOZPCNVVQFO-HBGVWJBISA-N","C07593"
"PDYBUYVOPAJLKP-UHFFFAOYSA-M","No result"
"GLXYKTASIIUSRC-UHFFFAOYSA-N","C10645"
"GJGRGJCMJUMZKN-UHFFFAOYSA-N","No result"
"NWNMAVFXIRDAPM-BTFXEFBNSA-N","No result"
"NWNMAVFXIRDAPM-BTFXEFBNSA-N","No result"
"QIDMCIFFMHMTBT-YKBPFZMUSA-N","No result"
"ZISDTRGMDDVTKY-CZIZESTLSA-N","No result"
"PLGNVFSTPJUFKJ-UHFFFAOYSA-N","No result"
"PLGNVFSTPJUFKJ-UHFFFAOYSA-N","No result"
"XOFQQXMAHNZIDD-UHFFFAOYSA-N","No result"
"UBRKDAVQCKZSPO-UHFFFAOYNA-N","No result"
"BMQBTHWVNBJSPS-NQLNTKRDSA-N","No result"
"KDWWYRPEBULRGU-KIZWGXMFSA-N","No result"
"KDWWYRPEBULRGU-KIZWGXMFSA-N","No result"
"CEJSYHIZUAMEQV-CBVZESEGSA-N","No result"
"XJLATMLVMSFZBN-VYDXJSESSA-N","C12056"
"OCAVICKDMVNGDY-UHFFFAOYSA-N","No result"
"OCAVICKDMVNGDY-UHFFFAOYSA-N","No result"
"NJRLDXGREKHXGV-IVABAYMNSA-N","No result"
"BHQCQFFYRZLCQQ-OELDTZBJSA-N","C00695"
"WGLRJONCGNNMKL-VOTSOKGWSA-N","No result"
"FYZBOYWSHKHDMT-UHFFFAOYSA-N","C11073"
"ASLWPAWFJZFCKF-UHFFFAOYSA-N","No result"
"JUZGXATTXYZBGK-HBVDJMOISA-N","C10075"
"HHSKNLJWHGXWPK-BFMVXSJESA-N","C10823"
"KVPBAPOAIIQDGQ-XXGVTNRTSA-N","No result"
"HYMAKZYMIDUXML-BTUKQMCYSA-N","No result"
"OWPORVMZZJAHEF-KUGZLZDWSA-N","No result"
"UWTOESDPWKUNBD-UHFFFAOYSA-N","No result"
"KDYLDEPSAMJSSH-UHFFFAOYSA-N","No result"
"NVXMWPFVIMTPPT-QFBILLFUSA-N","No result"
"JJWITJNSXCXULM-YVUMSICPSA-N","No result"
"MWJULBGGWNVJER-UHFFFAOYSA-N","No result"
"MWJULBGGWNVJER-UHFFFAOYSA-N","No result"
"VMCFTVWDHVWSOB-UVTDQMKNSA-N","No result"
"WCNWARYSICKKGF-TZMCWYRMSA-N","No result"
"YNDXUCZADRHECN-JNQJZLCISA-N","C08183"
"NXCYBYJXCJWMRY-VGBBEZPXSA-N","No result"
"SWLNXMJZQXZBCB-QQYDYBFASA-N","No result"
"SWLNXMJZQXZBCB-QQYDYBFASA-N","No result"
"CWCXONZIEDNVKI-UHFFFAOYSA-N","No result"
"QJFJALJGKXGWFO-UHFFFAOYSA-N","No result"
"GGNVSANPVOEGII-GXDHUFHOSA-N","No result"
"MYFFDMMUGIQJQM-UHFFFAOYSA-N","No result"
"KDWWYRPEBULRGU-KIZWGXMFSA-N","No result"
"GDAAEAXMNLVRCZ-SFHVURJKSA-N","No result"
"CFWGNOPKGSPMNS-UHFFFAOYSA-N","No result"
"UHPXMYLONAGUPC-WKLLBTDKSA-N","No result"
"KFCMFABBVSIHTB-WUTVXBCWSA-N","No result"
"AFHJQYHRLPMKHU-OSYMLPPYSA-N","C10305"
"HCEYJYMNIQHPPK-DXTZDJJUSA-N","No result"
"MUYUFHKTKLPWIW-UHFFFAOYSA-N","No result"
"WHTZSUJONCYCML-UHFFFAOYSA-N","No result"
"SQOJOAFXDQDRGF-NNGCZKEZSA-N","C07602"
"JJDHPDREIXSEEH-UHFFFAOYSA-N","No result"
"XOFQQXMAHNZIDD-UHFFFAOYSA-N","No result"
"TYDBFNAOFZIICW-UHFFFAOYSA-N","No result"
"TYDBFNAOFZIICW-UHFFFAOYSA-N","No result"
"BDCURAWBZJMFIK-CVJSJHTBSA-N","No result"
"AEDDIBAIWPIIBD-XQOGOWKJSA-N","No result"
"AEDDIBAIWPIIBD-XQOGOWKJSA-N","No result"
"JRAAEKBJXQXXBZ-DAJYORATSA-N","No result"
"DOVSRUBRIYLZCI-BASLNEPJSA-N","No result"
"HHDWDLBSGSYIQQ-GNDDPXJISA-N","No result"
"DOVSRUBRIYLZCI-BASLNEPJSA-N","No result"
"SVKLZVIIPWYADX-NRFANRHFSA-N","No result"
"UPCBVEMAUOIXRO-UHFFFAOYSA-N","No result"
"XZIMIWQJQOVUFT-UHFFFAOYSA-N","No result"
"PHHROXLDZHUIGO-VKLNETFXSA-N","No result"
"UPEZCKBFRMILAV-DBDKQAFGSA-N","No result"
"TZYAOSFLCQVQJN-UHFFFAOYNA-N","No result"
"MQYXUWHLBZFQQO-KZYZTIEESA-N","No result"
"OFMXGFHWLZPCFL-SVRPQWSVSA-N","C08626"
"ZPINJJOPURFFNV-UHFFFAOYSA-N","No result"
"KYELXPJVGNZIGC-GKFGJCLESA-N","No result"
"KYELXPJVGNZIGC-GKFGJCLESA-N","No result"
"VUEOHJNEHXJLDD-VRBZIXIWSA-N","No result"
"CNIWQELMLPUFOS-NVSXQWMQSA-N","C09075"
"NPWKEUKXVOMELT-LNVKXUELSA-N","No result"
"UWTOESDPWKUNBD-UHFFFAOYSA-N","No result"
"QVGFPTYGKPLXPK-OOBAEQHESA-N","No result"
"QVGFPTYGKPLXPK-OOBAEQHESA-N","No result"
"QVGFPTYGKPLXPK-OOBAEQHESA-N","No result"
"GVJHHUAWPYXKBD-UHFFFAOYSA-N","No result"
"KHWKLNXMSVVKCH-UHFFFAOYSA-N","No result"
"FCSKUNOKIVAIKK-UHFFFAOYSA-N","No result"
"JEOAJYYDZYNEAH-YJSIEXFISA-N","No result"
"YAEGHQJYDLCTMR-DCIPZJNNSA-N","No result"
"BSZLLSHGSWKZRE-IYLQSFRJSA-N","No result"
"KJTDZAHLWHEULN-UHFFFAOYSA-N","No result"
"ASOIHOGDYISNRH-GPTGPEQGSA-N","No result"
"UOJQVKJSJVULOG-UHFFFAOYSA-N","No result"
"WZPBZJONDBGPKJ-DZIOLEBDSA-N","No result"
"HIKQPXPTFKUOGM-POVULIOGSA-N","No result"
"LNOHXHDWGCMVCO-NTKSAMNMSA-N","No result"
"ZMOPRUXYEWGUAU-UHFFFAOYSA-N","No result"
"ZMOPRUXYEWGUAU-UHFFFAOYSA-N","No result"
"UWQYBLOHTQWSQD-UHFFFAOYSA-N","No result"
"FCIKYGUVHWZSJV-UHFFFAOYSA-N","No result"
"ZVTVYIVILDSYIK-UHFFFAOYSA-N","No result"
"VJQANBSDAGCDJE-UHFFFAOYSA-N","No result"
"FUHFQQPUHNRIQM-KAPAFUSYSA-N","No result"
"WCFJCDWCDZAMPA-ANVLWLQNSA-N","No result"
"VSUOKLTVXQRUSG-ZFORQUDYSA-N","C03515"
"JWWFVRMFYKPZNE-VVIWCBLHSA-N","C09309"
"MORLNMAFXVHNAI-IWLDQSELSA-N","No result"
"OVBPIULPVIDEAO-LBPRGKRZSA-N","C00504"
"OVBPIULPVIDEAO-LBPRGKRZSA-N","C00504"
"NDFUYJPVVCJYNZ-MVIFEUJBSA-N","No result"
"GLMFFCVWRKKBJB-YVAUPFRZSA-N","No result"
"RFDAIACWWDREDC-VKRKCYKBSA-N","No result"
"SABYITLYKSVAAD-CNEMSGBDSA-N","No result"
"OSFCFXQMAHURHU-OIKOUPSRSA-N","No result"
"DMKSVUSAATWOCU-GJOKDQRHSA-N","No result"
"CVWJKBJRSZXDIW-IUEPNFFLSA-N","No result"
"IGKWMHUOBKCUQU-LTCOOKNTSA-N","No result"
"HRLFUIXSXUASEX-UHFFFAOYSA-N","No result"
"PGQUPZCFLHXEHV-UHFFFAOYSA-N","No result"
"XTRKZMFPKIQAIJ-UHFFFAOYSA-O","No result"
"IVYXJYNRIKSGRV-UHFFFAOYSA-N","No result"
"CNIWQELMLPUFOS-NVSXQWMQSA-N","C09075"
"QFRUZVNPYYYLAN-JQFPPNBKSA-N","No result"
"SXPBJYHKMRWZNA-ZITSYKRSSA-N","No result"
"KTAQQSUPNZAWEY-OSPHWJPCSA-N","No result"
"LLEBFOGPKXFKIL-UHFFFAOYSA-N","No result"
"ZHVLPKFAODFQST-BMVMOQKNSA-N","No result"
"DUOCTSCKSNKXRG-UHFFFAOYSA-O","No result"
"VSUOKLTVXQRUSG-ZFORQUDYSA-N","C03515"
"CDTIMEVVBBGLIF-OVUASUNJSA-N","No result"
"POVCYOFRCMBMKD-LMNIDFBRSA-N","No result"
"QQUHMASGPODSIW-ICECTASOSA-N","C17457"
"LVRAKYNQYKVPIK-OZPQTLBISA-N","No result"
"MAWCJLLSYLMLHT-UTRMSSBJSA-N","No result"
"XAIUTKHLNZBMEG-UHFFFAOYSA-N","No result"
"XAIUTKHLNZBMEG-UHFFFAOYSA-N","No result"
"UVGRPMWFXIDHJC-CSKARUKUSA-N","No result"
"YAXAQXBFDAJGGS-OOPXJOFBSA-N","No result"
"FNTJVYCFNVUBOL-ZUGPOPFOSA-N","No result"
"GCLAFEGUXXHIFT-IWLDQSELSA-N","C17762"
"QWWPCQGHWWNGET-LCVVDEIYSA-N","No result"
"NJVQCZVYEIAGLE-UHFFFAOYSA-N","No result"
"IGKWMHUOBKCUQU-LTCOOKNTSA-N","No result"
"ODBRNZZJSYPIDI-UHFFFAOYSA-N","No result"
"MQUFAARYGOUYEV-UAWZMHPWSA-N","C08972"
"ZQYUKJFJPJDMMR-ZDWCHQGWSA-N","No result"
"WWJZWCUNLNYYAU-UHFFFAOYSA-N","C18809"
"XIUVHOSBSDYXRG-JBHGGXTISA-N","No result"
"LSIDWNBKDSCZRU-SWRMLIGDSA-N","No result"
"DZRVGBRAMLSZDQ-HSMQXHTESA-N","No result"
"YXQXDXAHCSEVSD-IHAONTCTSA-N","No result"
"QGJZLNKBHJESQX-FZFNOLFKSA-N","C08619"
"SKUCQDOSGKINGP-YQMRLJPGSA-N","No result"
"NRNOIJZZYJOCDE-UHFFFAOYSA-N","No result"
"ZOBHQOIVLKIBTQ-SBSBCDAMSA-N","No result"
"ZOBHQOIVLKIBTQ-SBSBCDAMSA-N","No result"
"QUQMZWZRFQKNFP-UHFFFAOYSA-N","No result"
"UCFGUMMLHWLLKJ-UHFFFAOYSA-N","No result"
"REBRERQNUHGTMS-PCGJYRBUSA-N","No result"
"WLSOGIGMSWCVID-UHFFFAOYSA-N","No result"
"WTPJPYNIRFDQSR-UHFFFAOYSA-N","No result"
"NNOMPFCNQCRAIO-UHFFFAOYSA-N","No result"
"MAWCJLLSYLMLHT-UTRMSSBJSA-N","No result"
"BTXNYTINYBABQR-UHFFFAOYSA-N","C07606"
"NKNHYXCDCIOHRT-CWAIYLBLSA-N","No result"
"IGKWMHUOBKCUQU-LTCOOKNTSA-N","No result"
"YHHLNGAZCXMCEW-JJIBRWJFSA-N","No result"
"BNSKYFUGMLMCLM-SEFBTVQMSA-N","No result"
"RNPABQVCNAUEIY-GUQYYFCISA-N","C10807"
"XFMVTQWDJPMKHB-QOFAMRNWSA-N","No result"
"XREDRJVZJRMVHB-UHFFFAOYSA-N","No result"
"HLBZSQOUBVLLLL-UHFFFAOYSA-N","No result"
"SAMXBYLRDCRTCV-HMSDUJDUSA-N","No result"
"MVMBTNNVZQRZQT-BPDSZQNASA-N","No result"
"VATYWOIGKMMCMM-QHQUPYHQSA-N","No result"
"DGQLVPJVXFOQEV-NGOCYOHBSA-N","C11254"
"CHSDMOZSQFIUGK-SYPGBUITSA-N","No result"
"CQLRUIIRRZYHHS-UHFFFAOYSA-N","No result"
"NRNOIJZZYJOCDE-UHFFFAOYSA-N","No result"
"NRNOIJZZYJOCDE-UHFFFAOYSA-N","No result"
"QQUHMASGPODSIW-ICECTASOSA-N","C17457"
"YRVGYJMSCQFOCA-UHFFFAOYSA-N","No result"
"XQWLUDAZDUBMCD-AVRSQHCNSA-N","No result"
"KVAQLXUMUVEKGR-SMFZDKLCSA-N","No result"
"VTQUQEWGIJRVHB-VHPPWYILSA-N","No result"
"LYGRISUQIZNHGM-UHFFFAOYSA-N","No result"
"OVBBFGXDDIFFMB-SDPNRITHSA-N","No result"
"GRBXNADBNJGZRK-GJEDHNSHSA-N","No result"
"YQDJUXPUIRGKNV-MNOLRWOYSA-N","No result"
"IRDDGQRTXGSVFE-UHFFFAOYSA-N","No result"
"BTXNYTINYBABQR-UHFFFAOYSA-N","C07606"
"LVOGPECZHVNNHD-MDWZMJQESA-N","No result"
"STQGQHZAVUOBTE-VGBVRHCVSA-N","C01907"
"FXPWZCUQBSEHTH-QZRFOHQJSA-N","No result"
"FTGKHGAVFGGOMW-UHFFFAOYSA-N","No result"
"SKUCQDOSGKINGP-YQMRLJPGSA-N","No result"
"ATALOFNDEOCMKK-OCCQLPPTSA-N","No result"
"YRVGYJMSCQFOCA-UHFFFAOYSA-N","No result"
"JPGYRFJJNVYGPI-UHFFFAOYSA-N","No result"
"UCFGUMMLHWLLKJ-UHFFFAOYSA-N","No result"
"DIEUZIPSDUGWLD-OVMOFELOSA-N","No result"
"HJHVQCXHVMGZNC-LHTWEMHRSA-M","No result"
"DTDKDYCVVOKSAV-MNDPQUGUSA-N","No result"
"DUNFAZHEVVYXGG-NZDLZCSJSA-N","No result"
"NHOIBRJOQAYBJT-WILUFPLZSA-N","No result"
"YOGANETYFUQWIM-PXJZQJOASA-N","No result"
"XMBZZLUIFFOAHR-HWKANZROSA-N","No result"
"NKKVXFCUOMIOAF-UHFFFAOYSA-O","No result"
"RETJNOLVDRGHMX-TXUSJQNKSA-N","No result"
"VOTMSYBBJIFRQZ-SGMWDQPPSA-N","No result"
"FEZDDYPHEHMXLF-MTSAWMQWSA-N","No result"
"IRDDGQRTXGSVFE-UHFFFAOYSA-N","No result"
"JGXZVDAPLSTBGZ-UHFFFAOYSA-N","No result"
"MIROITGPMGDCGI-OWUWSFDRSA-N","No result"
"LLJFMFZYVVLQKT-UHFFFAOYSA-N","D02430"
"GJPICJJJRGTNOD-UHFFFAOYSA-N","D07538"
"RVCRIPILOFSMFG-ASSOPURVSA-N","No result"
"AKFIXMYXISUTAF-CKNBLZQJSA-N","No result"
"CYJWWQALTIKOAG-FLORRLIPSA-N","No result"
"GMIFARVLXYYPTL-DIXBGOFRSA-N","No result"
"JGQBYBXYRUCBQY-UHFFFAOYSA-N","No result"
"BPPDUZFXSHMETQ-QRDWOSGVSA-N","No result"
"AFDANKUHSLVEBJ-MBOHLOIDSA-N","No result"
"GVEICTMRUVWSCF-UHFFFAOYSA-N","No result"
"VWXMLZQUDPCJPL-ZDHAIZATSA-N","C08610"
"OVMFOVNOXASTPA-SDSMHRFWSA-N","No result"
"MZHPYFUVDWYNQP-MIDFUKFWSA-N","No result"
"SBGHXFWRTKOHQM-UHFFFAOYSA-N","No result"
"BAYBYMBPRYTYMY-JNSBAATBSA-N","No result"
"NQXDDVZOWBZZHN-CRSYUQHVSA-N","No result"
"MYEJFUXQJGHEQK-SEXHJYIHSA-N","No result"
"FEZDDYPHEHMXLF-MTSAWMQWSA-N","No result"
"NBQPHANHNTWDML-UJKBSQBPSA-N","C12638"
"FTVKHUHJWDMWIR-UHFFFAOYSA-N","No result"
"LWYAMIUSVGPFKS-CGLYQLBNSA-N","No result"
"DXSMIOSVACQXTE-BDADPDBISA-N","No result"
"OCPITUSJSRGORS-UHFFFAOYSA-N","No result"
"YRARGBWFOYODHQ-KHTUMDHASA-N","No result"
"NSEWTSAADLNHNH-LSBOWGMISA-N","C10237"
"NPJICTMALKLTFW-OFUAXYCQSA-N","D05848"
"IKQSIKPOUMLPKK-UHFFFAOYSA-N","No result"
"UAMJDBHGEBLGGF-SHMZCRCISA-N","No result"
"AAQMEKVMBSHQSI-KRYHRGCLSA-N","No result"
"IRBLIRNSGBXQFB-HJOPEMAASA-N","No result"
"COUZJTKJINDPEN-UHFFFAOYSA-N","No result"
"NWBWCXBPKTTZNQ-GSAAXPBRSA-N","No result"
"ZJBMQVPEJHVSQA-OCYVVMCSSA-N","No result"
"ZJBMQVPEJHVSQA-OCYVVMCSSA-N","No result"
"QNEDGISRFNDABJ-UHFFFAOYSA-N","No result"
"IKYPEGVINGQGGO-BJKOFHAPSA-N","No result"
"BBMULGJBVDDDNI-OWKLGTHSSA-N","D04671"
"ZALWWUJLKFBCQF-UHFFFAOYNA-N","No result"
"VAZQBTJCYODOSV-HZUCFJANSA-N","C15881"
"WEKCEGQSIIQPAQ-IRBNZIFYSA-N","C10890"
"WXMARHKAXWRNDM-GAMIEDRGSA-N","No result"
"LCTIOHZQWXQPIB-VYCPWLLESA-N","C15888"
"ZCFFYALKHPIRKJ-UJJXFSCMSA-N","No result"
"QSMRBPGSBKBADN-UHFFFAOYSA-N","No result"
"NVKNRXOMCYTFJF-WFLOGZPDSA-N","No result"
"MVDDWUSHVUIKEM-BCRGLMEZSA-N","No result"
"PFRUIDZIJVQVOR-UHFFFAOYSA-N","No result"
"AEGZYCGXUREGSM-OUKQBFOZSA-N","No result"
"BBMULGJBVDDDNI-OWKLGTHSSA-N","D04671"
"DBOVHQOUSDWAPQ-RWZKYMGZSA-N","No result"
"GFFOBQNFESRPJR-JKHMXVTDSA-N","No result"
"GFFOBQNFESRPJR-JKHMXVTDSA-N","No result"
"BBMULGJBVDDDNI-OWKLGTHSSA-N","D04671"
"PYBFXJMIKJNNAJ-UHFFFAOYSA-N","No result"
"RXAXTTGJEMODPY-CJNLAGEVSA-N","No result"
"JFZVCQKUYHJMKO-UHFFFAOYSA-N","No result"
"KTTNFIOZYNBKEY-YIOJSCHVSA-N","No result"
"QSMRBPGSBKBADN-UHFFFAOYSA-N","No result"
"VJAXSGXKVCCJNY-UHFFFAOYSA-N","No result"
"XKAYFELZCPZDEK-IPOZFMEPSA-N","No result"
"NTYUVNILMFXXRA-SNDVQFAZSA-O","No result"
"VDNBKSIMLSGEHD-PFZBONPLSA-N","No result"
"WWSNSDWQADMAJB-UHFFFAOYSA-N","No result"
"UKZBYNNIKTZZLT-QJQOJWJKSA-N","No result"
"UZFVFMDEGBUPFO-ZZZQZPNGSA-N","No result"
"MQZIGYBFDRPAKN-QISQUURKSA-N","No result"
"FUKAOWGJYQHLGN-UHFFFAOYSA-N","No result"
"JGCNXPIMJMUVKE-OVYOWKQZSA-N","No result"
"FEWRYXXFMHQZRI-UHFFFAOYNA-N","No result"
"MKQCLTNEQAMHGK-ACVNTFKSSA-N","No result"
"QIEOAEKNEKYVTH-IQDFXBJLSA-N","No result"
"AQASRZOCERRGBL-ROJLCIKYSA-N","C09419"
"RDUAJIJVNHKTQC-UJECXLDQSA-N","C12667"
"BOHOBTRHAFBJOW-GXLHQHSHSA-N","No result"
"VFUPDGRCPOEQAB-QVBFNDMOSA-N","No result"
"AKPIJPQIDBGCGR-UHFFFAOYNA-N","No result"
"PXGWEUQZDRUMRE-UNZYZCBSSA-N","No result"
"BOHOBTRHAFBJOW-GXLHQHSHSA-N","No result"
"XXNYZYBYNFRERU-UILZBOIPSA-N","No result"
"NDEVARCRJOYXJL-ICLVLUFYSA-N","No result"
"LLVOJEYSNCNXJN-XUAXIHHBSA-N","No result"
"BOPGDPNILDQYTO-NNYOXOHSSA-N","C00004"
"GOZAGCBVCYGQHP-PRJUEBITSA-N","No result"
"UPRCEYHEHWELCG-UHFFFAOYNA-N","No result"
"CXFIQFGADOTDPF-XKZIYDEJSA-N","No result"
"OFUTZNNUWRTXHO-RQGSMOOYSA-N","No result"
"OFUTZNNUWRTXHO-FKMMQLTQSA-N","No result"
"UFLYYPBSJUQZFA-YHZWSDRVSA-N","No result"
"UFLYYPBSJUQZFA-YHZWSDRVSA-N","No result"
"SVQZFPSKTHNMRD-IMTHXNPWSA-N","No result"
"VDSCKSOYNLTQSY-VGJPRPLGSA-N","No result"
"RCCBGOMNZWYBTJ-UHFFFAOYSA-N","No result"
"SOOVMLNBEBDSMV-UHFFFAOYSA-N","No result"
"WTTUCZFXXPBCMB-UHFFFAOYSA-N","No result"
"ULBIMFHIPUGBOI-UHFFFAOYNA-N","No result"
"ZTLZGWDERZVHNS-UHFFFAOYSA-N","No result"
"TZJALUIVHRYQQB-GHUWTYBDSA-N","No result"
"TZJALUIVHRYQQB-GHUWTYBDSA-N","No result"
"TZJALUIVHRYQQB-GHUWTYBDSA-N","No result"
"TZJALUIVHRYQQB-GHUWTYBDSA-N","No result"
"TZJALUIVHRYQQB-GHUWTYBDSA-N","No result"
"TZJALUIVHRYQQB-GHUWTYBDSA-N","No result"
"TZJALUIVHRYQQB-GHUWTYBDSA-N","No result"
"HIVUDBSYRZRZSH-DYDXLFEJSA-N","No result"
"HIVUDBSYRZRZSH-DYDXLFEJSA-N","No result"
"QXXKEARZEYWTST-QLHFFRPFSA-N","No result"
"DJSLHAARKMNBDB-FPIIRXNSSA-N","No result"
"MYIUHDZRMLFLNJ-UHFFFAOYSA-N","No result"
"VCMIRXRRQJNZJT-JAHAZDFLSA-N","No result"
"GTNPVPDWWGQDMU-QMMNKCGOSA-N","No result"
"JGGRFKDDIGORCC-LHYXFQTCSA-N","No result"
"QIWWLKDHHMGRQL-QJIBEZHESA-N","No result"
"QXXKEARZEYWTST-QLHFFRPFSA-N","No result"
"JFVYXJKGJMUGRG-KJPZRSJGSA-N","No result"
"ZPWPIKNEPPRDSS-WFJRFPQTSA-N","No result"
"KWBPKUMWVXUSCA-LGEKFDLWSA-N","No result"
"ATVXWIBQUWJBAT-USTGJSRQSA-N","No result"
"FYMIXXOEKMFOIA-UZJWHDIMSA-N","No result"
"UVBUBMSSQKOIBE-SDFZSQMVSA-N","No result"
"GQNZXZQBLQFJRA-AFZUQUGOSA-N","No result"
"XKWHEBFWMRWHGD-AKHQGOKRSA-N","No result"
"FUBVFOMIYZMXCB-DWHCWPPGSA-N","No result"
"XYLWKHKCYHMVMA-QZQOTICOSA-N","No result"
"ULGZDMOVFRHVEP-RWJQBGPGSA-N","C01912"
"QXXKEARZEYWTST-QLHFFRPFSA-N","No result"
"QXXKEARZEYWTST-QLHFFRPFSA-N","No result"
"ZOHJKBZGFBXFIK-CMVGPNDKSA-N","No result"
"PEFASEPMJYRQBW-UHFFFAOYNA-N","No result"
"XUWTZJRCCPNNJR-UHFFFAOYSA-N","No result"
"IYVFNTXFRYQLRP-NWOIDTSESA-N","No result"
"FFDULTAFAQRACT-XKBSQSBASA-N","No result"
"QZMZXIWBPGRBOD-YWQXDYITSA-N","No result"
"CPKXIKIVLSMABL-UHFFFAOYSA-N","No result"
"MNASOWORUXKEPP-RKVCBYGQSA-N","No result"
"VAZXQMYIQNKBRG-UHFFFAOYSA-N","No result"
"RBFOMTAWEHHDSX-TZHFLBFYSA-N","No result"
"FCANTWZHYAQEKU-VOOLBVRYSA-N","No result"
"KRHBBIAEHFFEMF-PLBHUYDJSA-N","No result"
"AKLLFACZGZTMGS-CLFOWMDLSA-N","No result"
"KAJMZANRKFVVKV-RGXKZFLBSA-N","No result"
"AFYIWKNGSIYXCQ-WLJLAZGQSA-N","No result"
"OXQSHEREUUUCEE-UHFFFAOYSA-N","No result"
"WZAXZHIVHPRTIU-IHIXZLSHSA-N","C17836"
"JYHXDMQYXCMDPF-UHFFFAOYSA-N","No result"
"FQIVLXIUJLOKPL-DQCYIFKOSA-N","No result"
"IUCNQFHEWLYECJ-TUJNHLRFSA-L","No result"
"KASDHRXLYQOAKZ-RNZHFBRZSA-N","No result"
"MEYZYGMYMLNUHJ-WYMLVPIESA-N","No result"
"DVFXEUYOOYUTOA-DYCWBZJYSA-N","No result"
"IPQVTOJGNYVQEO-KGFNBKMBSA-N","C10404"
"ACTIUHUUMQJHFO-UPTCCGCDSA-N","C11378"
"NPVUMVVTBDKDDD-NTQQJVIQSA-N","No result"